ID,Seq,DR species num,All species num,Enterococcus,Pseudomonas aeruginosa,Staphylococcus aureus,Acinetobacter baumannii,enterobacteriaceae,Helicobacter pylori,Salmonella species,Campylobacter,Neisseria gonorrhoeae,Streptococcus pneumoniae,Haemophilus influenzae,Shigella species,toxin_data wild,Cardiotoxin,Enterotoxin,Neurotoxin,Hemostasis impairing toxin,Myotoxin,Other mechanism,Lipid Bilayer / Membrane Protein,Cytoplasmic Protein,DNA / RNA,Biofilm,Gram+,Gram-
1,KWMIKSPSQFFTMVACSI,,,512,512,512,512,512,,512,,,,,,,,,,192,,,,,,,,
2,KWNPKWFSQWFTMIVTWP,,,512,512,512,512,512,,512,,,,,,,,,,192,,,,,,,,
3,KWMPKWPWNWPTMIVMWF,,,512,512,512,512,512,,512,,,,,,,,,,2048,,,,,,,,
4,KWNPKWFSMYFTCLVCWF,,,512,512,512,512,512,,512,,,,,,,,,,192,,,,,,,,
5,KWMIKWFSDWFTNIACSI,,,512,512,512,512,512,,512,,,,,,,,,,192,,,,,,,,
6,KWNPKWPSQWFCMLACWP,,,512,512,512,512,512,,512,,,,,,,,,,2048,,,,,,,,
7,KWNPKWFSNYFTMLVCYP,,,512,512,512,512,512,,512,,,,,,,,,,2048,,,,,,,,
8,KWNPKWPWNYFTCLACWI,,,512,512,512,512,512,,512,,,,,,,,,,2048,,,,,,,,
9,KWNPKWPSNWFTMIVTWF,,,512,512,512,512,512,,512,,,,,,,,,,192,,,,,,,,
10,KWMIKSFSQWFTMLACSP,,,512,512,512,512,512,,512,,,,,,,,,,2048,,,,,,,,
11,KSQIKSFTQFFSMLVCSF,,,512,512,512,512,512,,512,,,,,,,,,,256,,,,,,,,
12,KSMPKWPWNWPCMIAMYF,,,512,512,512,512,512,,512,,,,,,,,,,2048,,,,,,,,
13,KFMIKWFCEYWTML,,,512,512,512,512,512,,512,,,,,,,,,,1536,,,,,,,,
14,KWMLKWPCNFFTML,,,512,512,437.3333,176,458.6667,,512,,,,,,,,,,2048,,,,,,,,
15,KWMIKWPWQWFTML,,,192,384,14.66667,22,256,,320,,,,,,,,,,2048,,,,,,,,
16,KWMLKSFSDFFTML,,,512,512,432,240,346.6667,,512,,,,,,,,,,2048,,,,,,,,
17,KWMIKWFYDWFTML,,,512,512,341.3333,448,512,,512,,,,,,,,,,2048,,,,,,,,
18,KSMLKWIWQWPTNL,,,512,426.6667,277.3333,128,138.6667,,384,,,,,,,,,,2048,,,,,,,,
19,KWMIKWPSNYFTCL,,,512,512,437.3333,256,512,,512,,,,,,,,,,2048,,,,,,,,
20,RSMPKWPWNWPTMIVCWIM,,,512,512,512,512,512,,512,,,,,,,,,,2048,,,,,,,,
21,KFMIKSYCDFWSML,,,512,512,437.3333,448,512,,512,,,,,,,,,,2048,,,,,,,,
22,KYMPKWFSEWFSNP,,,512,512,512,384,512,,512,,,,,,,,,,2048,,,,,,,,
23,KWMIKWPSNWFTKL,,,256,106.6667,86.66667,40,41.33333,,48,,,,,,,,,,2048,,,,,,,,
24,KWMIKWPSNWFKKL,,,256,48,44,18,24.66667,,32,,,,,,,,,,2048,,,,,,,,
25,KWKIKWPSNWFTML,,,61,29.33333,34.66667,6.857143,9.866667,,16,,,,,,,,,,768,,,,,,,,
26,QWMIDWFWNWYSCLL,,,512,512,512,512,512,,512,,,,,,,,,,2048,,,,,,,,
27,DYCIDYPSQWFTMIAC,,,512,512,512,512,512,,512,,,,,,,,,,2048,,,,,,,,
28,KWNIKWFSNYFTMLLCWP,,,512,512,512,512,512,,512,,,,,,,,,,2048,,,,,,,,
29,QWCFQPIWTYFCSIL,,,512,512,512,512,512,,512,,,,,,,,,,2048,,,,,,,,
30,KSNPKWPSNWFTMILCWF,,,512,512,512,512,512,,512,,,,,,,,,,2048,,,,,,,,
31,DYCIDWPSNWFTCIAC,,,512,512,512,512,512,,512,,,,,,,,,,2048,,,,,,,,
32,KSNFKYPWNWPCMILTYP,,,512,512,512,512,512,,512,,,,,,,,,,2048,,,,,,,,
33,EWMLEWFWQWFTMLACW,,,512,512,512,512,512,,512,,,,,,,,,,2048,,,,,,,,
34,DWMPDYPYMWFTCLVC,,,512,512,512,512,512,,512,,,,,,,,,,2048,,,,,,,,
35,DYCPDYPWNWYTCLAT,,,512,512,512,512,512,,512,,,,,,,,,,2048,,,,,,,,
36,RTMIKWIWNWITMIACWPM,,,512,512,512,512,512,,512,,,,,,,,,,768,,,,,,,,
37,RTMIKWIWNWITMIAMWFN,,,512,512,512,512,512,,512,,,,,,,,,,2048,,,,,,,,
38,RSNPKWPWNYFTCIVCWPM,,,512,512,512,512,512,,512,,,,,,,,,,2048,,,,,,,,
39,KWMIKWFWQYFTMIVMWI,,,512,512,512,512,512,,512,,,,,,,,,,2048,,,,,,,,
40,RTMIKWPWMYITCLVCSPM,,,512,512,512,512,512,,512,,,,,,,,,,2048,,,,,,,,
41,RSMPKWISQWICMIANWFM,,,512,512,512,512,512,,512,,,,,,,,,,2048,,,,,,,,
42,RSMIKSIWNWPTMIACSPC,,,512,512,512,512,512,,512,,,,,,,,,,2048,,,,,,,,
43,KFMFKWYSKYWSMIACSL,,,512,512,512,512,512,,512,,,,,,,,,,2048,,,,,,,,
44,KTMPKYIFNWPCMILMWI,,,512,512,512,512,512,,512,,,,,,,,,,2048,,,,,,,,
45,RSMPKWIWNWICMIAMWPC,,,512,512,512,512,512,,512,,,,,,,,,,768,,,,,,,,
47,AWKIKWPSNWFTML,,,128,90.66667,88,28,32.66667,,24,,,,,,,,,,384,,,,,,,,
48,KAKIKWPSNWFTML,,,512,138.6667,352,88,44,,48,,,,,,,,,,2048,,,,,,,,
49,KWAIKWPSNWFTML,,,170.6667,138.6667,109.3333,28,44,,32,,,,,,,,,,1536,,,,,,,,
50,KWKAKWPSNWFTML,,,426.6667,74.66667,109.3333,44,26.66667,,32,,,,,,,,,,2048,,,,,,,,
51,KWKIAWPSNWFTML,,,256,90.66667,88,28,34.66667,,48,,,,,,,,,,1024,,,,,,,,
52,KWKIKAPSNWFTML,,,512,149.3333,346.6667,84,74.66667,,64,,,,,,,,,,2048,,,,,,,,
53,KWKIKWASNWFTML,,,256,58.66667,141.3333,28,29.33333,,32,,,,,,,,,,192,,,,,,,,
54,KWKIKWPANWFTML,,,106.6667,24,27.33333,8,9.333333,,8,,,,,,,,,,768,,,,,,,,
55,KWKIKWPSAWFTML,,,53.33333,18.66667,25.33333,10,13.33333,,16,,,,,,,,,,1024,,,,,,,,
56,KWKIKWPSNAFTML,,,512,106.6667,394.6667,32,48,,128,,,,,,,,,,2048,,,,,,,,
57,KWKIKWPSNWATML,,,512,48,173.3333,14,23.33333,,32,,,,,,,,,,2048,,,,,,,,
58,KWKIKWPSNWFAML,,,106.6667,29.33333,33.33333,10,10,,12,,,,,,,,,,768,,,,,,,,
59,KWKIKWPSNWFTAL,,,256,37.33333,70.66667,10,13.33333,,24,,,,,,,,,,2048,,,,,,,,
60,KWKIKWPSNWFTMA,,,512,74.66667,186.6667,20,34,,48,,,,,,,,,,2048,,,,,,,,
61,KWKIKWKSNWFTML,,,128,16,28,14,24,,16,,,,,,,,,,2048,,,,,,,,
62,KWKIKWKSNWFTKL,,,82.7,21.33333,35.55556,12.19048,43.08571,,12,,,,,,,,,,2048,,,,,,,,
63,KWKIKWPSNWFTKL,,,512,26.66667,44,12,20.66667,,24,,,,,,,,,,2048,,,,,,,,
64,KWKIKWPVNWFTKL,,,111.4286,26.66667,28.22222,10.85714,24,,12,,,,,,,,,,2048,,,,,,,,
65,KWKIKWPSNKFTKL,,,512,170.6667,394.6667,152,117.3333,,96,,,,,,,,,,2048,,,,,,,,
66,KWKIKWPSNRFTKL,,,512,256,389.3333,112,165.3333,,96,,,,,,,,,,2048,,,,,,,,
67,KWKIKWPSNWFTKK,,,512,106.6667,216,64,57.33333,,64,,,,,,,,,,2048,,,,,,,,
68,KWKIKWPSNWFTKR,,,512,74.66667,70.66667,32,43.33333,,48,,,,,,,,,,2048,,,,,,,,
69,KWKIKWPVRWFRKL,,,75.80952,8,8,9,29.22222,,8,,,,,,,,,,2048,,,,,,,,
70,KWKIKWPSRWFRKL,,,67,8.666667,8.444444,9.714286,24.26667,,8,,,,,,,,,,2048,,,,,,,,
71,KWKIKWPKRWFRKL,,,129.75,10.66667,10.44444,11.71429,35,,14,,,,,,,,,,2048,,,,,,,,
72,KWKIKWPYRWFKKI,,,130.5,177.3333,12.88889,10.28571,46.4,,16,,,,,,,,,,2048,,,,,,,,
73,KYKIKWPYRWFRKL,,,131,100,18.66667,18.28571,69.33333,,16,,,,,,,,,,2048,,,,,,,,
74,KWKIKWVYRWFRKL,,,9.75,13.33333,9.777778,9.142857,16.53333,,8,,,,,,,,,,192,,,,,,,,
75,KWKIKWPYRWFRKI,,,130.5,94.66667,10.66667,10.28571,57.06667,,264,,,,,,,,,,2048,,,,,,,,
76,KWKIKWTWRWFRKL,,,11.25,20,12.44444,13.71429,18.66667,,16,,,,,,,,,,192,,,,,,,,
77,KWKIKWPSRWFTKL,,,341.3333,26.66667,25.33333,19.2,27.33333,,24,,,,,,,,,,2048,,,,,,,,
78,KWKIKWPKRWFTKL,,,170.6667,18.66667,16,11.2,22.33333,,16,,,,,,,,,,2048,,,,,,,,
79,KWMIKKPSNWPTMP,,,512,512,512,512,512,,512,,,,,,,,,,2048,,,,,,,,
80,KWMIKWPYNWKTMP,,,512,426.6667,437.3333,128,330.6667,,256,,,,,,,,,,2048,,,,,,,,
81,KWMIKTPSKWFTMC,,,213.3333,53.33333,56,16,29.33333,,48,,,,,,,,,,2048,,,,,,,,
82,KWMIKTPSHWFTMR,,,512,426.6667,448,192,256,,192,,,,,,,,,,2048,,,,,,,,
83,KWMKKWPSNWPTMR,,,512,426.6667,469.3333,256,394.6667,,256,,,,,,,,,,2048,,,,,,,,
84,KWMIKRPSNWPTMR,,,512,512,512,384,426.6667,,384,,,,,,,,,,2048,,,,,,,,
85,KWKIKWPSHWFRML,,,39.61905,14,12.55556,8.642857,9.566667,,12,,,,,,,,,,768,,,,,,,,
86,KWMIKWPSHWFHHL,,,213.3333,85.33333,60,38.4,38.66667,,48,,,,,,,,,,1536,,,,,,,,
87,KWKIKWPHKWFTML,,,82.16667,14.66667,20.22222,9.285714,9.333333,,10,,,,,,,,,,2048,,,,,,,,
88,KVMIKWPSYWFTMR,,,256,138.6667,109.3333,41.6,60.66667,,48,,,,,,,,,,2048,,,,,,,,
89,KWMIKWPSYWRTMV,,,213.3333,133.3333,77.33333,16,45.33333,,64,,,,,,,,,,2048,,,,,,,,
90,KWMIKWPSHWFTVP,,,426.6667,192,261.3333,64,138.6667,,128,,,,,,,,,,2048,,,,,,,,
91,KWMIKWPSHWFVMR,,,128,34.66667,44,27.2,18,,24,,,,,,,,,,768,,,,,,,,
92,KWMIKWPSKWFRMY,,,67,24.66667,27.11111,10.71429,14.31667,,12,,,,,,,,,,2048,,,,,,,,
93,KWMIKWPSYWKTRL,,,213.3333,64,49.33333,32,101.3333,,32,,,,,,,,,,2048,,,,,,,,
96,KKMIKWPRNWFTVL,,,341.3333,64,130.6667,76,21.33333,,24,,,,,,,,,,2048,,,,,,,,
99,KKMIKWPKNWFTVL,,,512,74.66667,194.6667,104,24.66667,,32,,,,,,,,,,2048,,,,,,,,
100,KHMIKWPRNWFTVL,,,256,138.6667,304,96,33.33333,,48,,,,,,,,,,2048,,,,,,,,
105,KRMIKWPGNWFTVL,,,341.3333,138.6667,194.6667,56,50.66667,,64,,,,,,,,,,2048,,,,,,,,
107,KWMIVWPSKWFTIL,,,128,277.3333,98.66667,64,346.6667,,512,,,,,,,,,,192,,,,,,,,
108,KWMIIWPSKWFTVL,,,128,298.6667,88,48,277.3333,,512,,,,,,,,,,192,,,,,,,,
109,KWMIKWPAKWFTMK,,,341.3333,106.6667,97.33333,40,36,,48,,,,,,,,,,2048,,,,,,,,
110,KWMIKWPIGWFTMK,,,170.6667,85.33333,54.66667,56,19.33333,,16,,,,,,,,,,1536,,,,,,,,
111,KWMIKWRSNWFTPY,,,213.3333,117.3333,49.33333,36,58.66667,,32,,,,,,,,,,1536,,,,,,,,
113,KWMIKWPFNWFTWK,,,85.33333,186.6667,16,16,25.33333,,24,,,,,,,,,,384,,,,,,,,
114,KWMIKWPYKWFTMT,,,170.6667,69.33333,97.33333,20,24,,32,,,,,,,,,,2048,,,,,,,,
115,KWMIKWPFKWFTMQ,,,128,69.33333,33.33333,16,22.66667,,24,,,,,,,,,,768,,,,,,,,
116,KWMIKWPFNWFHMI,,,213.3333,186.6667,22.66667,18,70.66667,,64,,,,,,,,,,192,,,,,,,,
117,KWMIVWRSNWFTVL,,,512,512,512,512,512,,512,,,,,,,,,,768,,,,,,,,
118,KWMIKWPFKWFTMS,,,106.6667,37.33333,28,20,18.66667,,16,,,,,,,,,,768,,,,,,,,
129,KWMFKWISKWFTAL,,,10,72,17.77778,22.85714,41.14286,,80,,,,,,,,,,128,,,,,,,,
130,KWMHKWPSKWFVMI,,,24,88,80,27.42857,27.42857,,16,,,,,,,,,,2048,,,,,,,,
131,KWMIKWITKWFVA,,,224,469.3333,355.5556,402.2857,486.4,,512,,,,,,,,,,2048,,,,,,,,
132,KWMIKWKSKWPSML,,,18,93.33333,86.22222,22.85714,82.13333,,48,,,,,,,,,,2048,,,,,,,,
133,KWMIKWKTKWFVML,,,64,358.4,213.3333,237.7143,246.8571,,256,,,,,,,,,,2048,,,,,,,,
134,KWMIKWPLKWIIMKL,,,16,202.6667,51.55556,52.57143,74.66667,,96,,,,,,,,,,512,,,,,,,,
135,KWMIKWPSKWCSMK,,,14,274.6667,125.3333,27.42857,59.42857,,32,,,,,,,,,,2048,,,,,,,,
136,KWMIKWPSKWPHML,,,48,166.4,257.7778,36.57143,107.4286,,128,,,,,,,,,,2048,,,,,,,,
137,KWMIKWPSKWYLML,,,12,64,39.44444,24,35.4,,24,,,,,,,,,,2048,,,,,,,,
138,KWMIKWPTKWPTML,,,48,230.4,272,32,105.1429,,128,,,,,,,,,,2048,,,,,,,,
139,KWMIKWVSKWFRKL,,,3.5,16,7.555556,10.28571,18.28571,,12,,,,,,,,,,256,,,,,,,,
140,KWMIKWVSKWKTKL,,,12,28.8,36.44444,25.14286,61.71429,,24,,,,,,,,,,1536,,,,,,,,
141,KWKIKRPVKWFTML,,,26,38.4,75.55556,9.142857,16.57143,,12,,,,,,,,,,2048,,,,,,,,
142,KWKIKWVSKWKTML,,,14,22.4,40.88889,14.85714,36.8,,24,,,,,,,,,,1536,,,,,,,,
143,KWMIKWRVRWKTML,,,10,32,16,34.28571,33.06667,,64,,,,,,,,,,768,,,,,,,,
144,KWMIKRVSKWFTKL,,,8,32,32.88889,18.28571,74.28571,,32,,,,,,,,,,2048,,,,,,,,
145,KWMIKWVSKWKRML,,,7,22.4,25.77778,16,62.28571,,16,,,,,,,,,,1536,,,,,,,,
146,KWRIKWVSKWKTML,,,16,35.2,48,22.85714,68.57143,,24,,,,,,,,,,2048,,,,,,,,
147,KRMIKWRVKWFTML,,,14,35.2,33.77778,22.85714,29.71429,,32,,,,,,,,,,2048,,,,,,,,
148,KWMIKWVSKWRTKL,,,10,28.8,31.11111,27.42857,54.4,,32,,,,,,,,,,2048,,,,,,,,
149,KWMIKWRVKWKTML,,,48,330.6667,215.1111,512,238.9333,,128,,,,,,,,,,2048,,,,,,,,
150,KWMIKWRVKWRTML,,,7,32,16.88889,14.85714,24.57143,,24,,,,,,,,,,512,,,,,,,,
151,KWKIKWPVKWFRML,,,32,80,44.44444,32,38.4,,32,,,,,,,,,,2048,,,,,,,,
152,KWKIKHHVRWFTFL,,,7,30.7,24.9,17.3,28.6,,20,,,,,,,,,,2048,,,,,,,,
153,KWKIKKHVRWFTFL,,,20,53.3,48,20,40.3,,48,,,,,,,,,,2048,,,,,,,,
154,KWKIKQWVRWFRKL,,,7,32.7,16.9,13.3,40.3,,16,,,,,,,,,,1024,,,,,,,,
155,KWKIKKRVRWFWKL,,,8,32.7,20.9,21.3,64,,40,,,,,,,,,,2048,,,,,,,,
156,KWKIKWKVRWFKLL,,,5,23.3,16,21.3,22.9,,20,,,,,,,,,,192,,,,,,,,
157,KWKIKRGVRWFWKL,,,7,22.7,14.6,7.6,17.5,,12,,,,,,,,,,2048,,,,,,,,
158,KWKIKWRVRWFRIL,,,10,26,40,28.7,35.1,,20,,,,,,,,,,768,,,,,,,,
159,KWKIKWWVRWLRKL,,,3,24.7,26.9,20.7,27.1,,24,,,,,,,,,,192,,,,,,,,
160,KWKIKWWVRWIRKL,,,2.5,26.7,16,27.3,23.4,,24,,,,,,,,,,192,,,,,,,,
161,KWKIKWHVRWFKIL,,,10,44.7,32.4,42.7,39.1,,32,,,,,,,,,,2048,,,,,,,,
162,KWKIKRMVRWFWKL,,,7,13,18.4,9,8.7,,12,,,,,,,,,,384,,,,,,,,
163,KWKIKRFVRWFKKL,,,7,19,25.6,7.7,22.4,,10,,,,,,,,,,2048,,,,,,,,
164,KRKIKWKVRWFTYL,,,10,23.3,33.3,21.3,17.4,,16,,,,,,,,,,1536,,,,,,,,
165,KRKIKWWVRWITKL,,,6,16.7,28.4,20,20.9,,20,,,,,,,,,,512,,,,,,,,
166,KWKIKWKVRWFKVL,,,8,18,16,17.3,22.9,,20,,,,,,,,,,2048,,,,,,,,
167,KWKIKKMVRWFIKL,,,6,26.7,15.5,21.1,19.9,,20,,,,,,,,,,512,,,,,,,,
164,KWKIKWRVRWFKLL,,,3.5,15,12,15.3,16.3,,10,,,,,,,,,,1536,,,,,,,,
164,KWKIKWHVRWFRVL,,,8,32.7,34.2,17.5,29.7,,16,,,,,,,,,,1536,,,,,,,,
170,KWKIKQYVRWFKKL,,,7,18.7,29.3,6.7,25.6,,12,,,,,,,,,,2048,,,,,,,,
171,KWKIKWHVRWFKFL,,,5,30.7,17.6,24,28,,16,,,,,,,,,,192,,,,,,,,
,,,,,,,,,,,,,,,,,,,,,,,,,,,,
,,,,,,,,,,,,,,,,,,,,,,,,,,,,
,,,,,,,,,,,,,,,,,,,,,,,,,,,,
,,,,,,,,,,,,,,,,,,,,,,,,,,,,
,,,,,,,,,,,,,,,,,,,,,,,,,,,,
,,,,,,,,,,,,,,,,,,,,,,,,,,,,
,,,,,,,,,,,,,,,,,,,,,,,,,,,,
,,,,,,,,,,,,,,,,,,,,,,,,,,,,
,,,,,,,,,,,,,,,,,,,,,,,,,,,,
,,,,,,,,,,,,,,,,,,,,,,,,,,,,
,,,,,,,,,,,,,,,,,,,,,,,,,,,,
,,,,,,,,,,,,,,,,,,,,,,,,,,,,
,,,,,,,,,,,,,,,,,,,,,,,,,,,,
,,,,,,,,,,,,,,,,,,,,,,,,,,,,
,,,,,,,,,,,,,,,,,,,,,,,,,,,,
,,,,,,,,,,,,,,,,,,,,,,,,,,,,
,,,,,,,,,,,,,,,,,,,,,,,,,,,,
,,,,,,,,,,,,,,,,,,,,,,,,,,,,
,,,,,,,,,,,,,,,,,,,,,,,,,,,,
,,,,,,,,,,,,,,,,,,,,,,,,,,,,
